filename,set_code,set_number,rarity_raw,variant_raw,notes
bw4_044_r.jpg,BW4,44,r,,
bw5_009_r.jpg,BW5,9,r,,
bw8_006_r.jpg,BW8,6,r,,
s10d_074_sr.jpg,S10D,74,sr,,
s11_030_rrr.jpg,S11,30,rrr,,
s11a_079_sr.jpg,S11A,79,sr,,
s12a_015_k.jpg,S12A,15,k,,Character/Klassic variant (k → OTHER)
s12a_111_rrr.jpg,S12A,111,rrr,,
s4a_036_a.jpg,S4A,36,a,,Art Rare (a → AR)
s8a_002_cr.jpg,S8A,2,cr,,Character Rare
s8b_020_RRR.jpg,S8B,20,rrr,,Mixed case preserved → rrr
s8b_119_rr.jpg,S8B,119,rr,,
sld_007_r.jpg,SLD,7,r,,
sm8b_027_rr.jpg,SM8B,27,rr,,
sm8b_098_rr.jpg,SM8B,98,rr,,
smp_001_p.jpg,SMP,1,,p,Promo
sv11w_012_c_mb.jpg,SV11W,12,c,mb,Master Ball variant
sv3_116_ar.jpg,SV3,116,ar,,
sv3a_073_ar.jpg,SV3A,73,ar,,
sv5a_070_ar.jpg,SV5A,70,ar,,
sv7a_027_rr.jpg,SV7A,27,rr,,
sv8_026_rr.jpg,SV8,26,rr,,
sv8a_055_h_mb.jpg,SV8A,55,h,mb,Holo (h → R_HOLO) + Master Ball
sv8a_069_rr.jpg,SV8A,69,rr,,
sv9a_044_rr.jpg,SV9A,44,rr,,
xy11_034_rr.jpg,XY11,34,rr,,
xy8_025_rr.jpg,XY8,25,rr,,
xy_087.jpg,XY,87,,,No rarity suffix
xyg_009.jpg,XYG,9,,,No rarity suffix
xyp_123_p.jpg,XYP,123,,p,Promo
